1.00000000,0.00153257
2.00000000,0.00178799
3.00000000,0.00127714
4.00000000,0.00178799
5.00000000,0.00204342
6.00000000,0.00153257
7.00000000,0.00127714
8.00000000,0.00127714
9.00000000,0.00178799
10.00000000,0.00153257
11.00000000,0.00204342
12.00000000,0.00280971
13.00000000,0.00255428
14.00000000,0.00178799
15.00000000,0.00178799
16.00000000,0.00204342
17.00000000,0.00280971
18.00000000,0.00280971
19.00000000,0.00229885
20.00000000,0.00229885
21.00000000,0.00204342
22.00000000,0.00204342
23.00000000,0.00178799
24.00000000,0.00204342
25.00000000,0.00204342
26.00000000,0.00178799
27.00000000,0.00229885
28.00000000,0.00280971
29.00000000,0.00229885
30.00000000,0.00204342
31.00000000,0.00255428
32.00000000,0.00255428
33.00000000,0.00204342
34.00000000,0.00178799
35.00000000,0.00178799
36.00000000,0.00127714
37.00000000,0.00204342
38.00000000,0.00229885
39.00000000,0.00229885
40.00000000,0.00255428
41.00000000,0.00229885
42.00000000,0.00229885
43.00000000,0.00204342
44.00000000,0.00178799
45.00000000,0.00178799
46.00000000,0.00280971
47.00000000,0.00280971
48.00000000,0.00229885
49.00000000,0.00153257
50.00000000,0.00102171
51.00000000,0.00127714
52.00000000,0.00178799
53.00000000,0.00076628
54.00000000,0.00051086
55.00000000,0.00178799
56.00000000,0.00229885
57.00000000,0.00255428
58.00000000,0.00229885
59.00000000,0.00255428
60.00000000,0.00204342
61.00000000,0.00153257
62.00000000,0.00178799
63.00000000,0.00178799
64.00000000,0.00229885
65.00000000,0.00204342
66.00000000,0.00102171
67.00000000,0.00153257
68.00000000,0.00255428
69.00000000,0.00280971
70.00000000,0.00204342
71.00000000,0.00102171
72.00000000,0.00127714
73.00000000,0.00153257
74.00000000,0.00127714
75.00000000,0.00102171
76.00000000,0.00025543
77.00000000,0.00153257
78.00000000,0.00280971
79.00000000,0.00280971
80.00000000,0.00229885
81.00000000,0.00204342
82.00000000,0.00204342
83.00000000,0.00178799
84.00000000,0.00102171
85.00000000,0.00076628
86.00000000,0.00127714
87.00000000,0.00178799
88.00000000,0.00204342
89.00000000,0.00204342
90.00000000,0.00178799
91.00000000,0.00229885
92.00000000,0.00178799
93.00000000,0.00127714
94.00000000,0.00229885
95.00000000,0.00255428
96.00000000,0.00255428
97.00000000,0.00280971
98.00000000,0.00204342
99.00000000,0.00178799
100.00000000,0.00153257
101.00000000,0.00178799
102.00000000,0.00178799
103.00000000,0.00102171
104.00000000,0.00102171
105.00000000,0.00204342
106.00000000,0.00153257
107.00000000,0.00076628
108.00000000,0.00153257
109.00000000,0.00153257
110.00000000,0.00127714
111.00000000,0.00153257
112.00000000,0.00178799
113.00000000,0.00204342
114.00000000,0.00204342
115.00000000,0.00255428
116.00000000,0.00229885
117.00000000,0.00153257
118.00000000,0.00229885
119.00000000,0.00280971
120.00000000,0.00255428
121.00000000,0.00229885
122.00000000,0.00153257
123.00000000,0.00178799
124.00000000,0.00229885
125.00000000,0.00178799
126.00000000,0.00153257
127.00000000,0.00127714
128.00000000,0.00102171
129.00000000,0.00102171
130.00000000,0.00076628
131.00000000,0.00153257
132.00000000,0.00204342
133.00000000,0.00204342
134.00000000,0.00178799
135.00000000,0.00204342
136.00000000,0.00204342
137.00000000,0.00153257
138.00000000,0.00127714
139.00000000,0.00102171
140.00000000,0.00153257
141.00000000,0.00204342
142.00000000,0.00178799
143.00000000,0.00153257
144.00000000,0.00204342
145.00000000,0.00204342
146.00000000,0.00204342
147.00000000,0.00332056
148.00000000,0.00280971
149.00000000,0.00153257
150.00000000,0.00153257
151.00000000,0.00178799
152.00000000,0.00178799
153.00000000,0.00255428
154.00000000,0.00255428
155.00000000,0.00204342
156.00000000,0.00229885
157.00000000,0.00178799
158.00000000,0.00153257
159.00000000,0.00178799
160.00000000,0.00127714
161.00000000,0.00127714
162.00000000,0.00127714
163.00000000,0.00076628
164.00000000,0.00102171
165.00000000,0.00178799
166.00000000,0.00204342
167.00000000,0.00229885
168.00000000,0.00229885
169.00000000,0.00229885
170.00000000,0.00229885
171.00000000,0.00178799
172.00000000,0.00127714
173.00000000,0.00229885
174.00000000,0.00204342
175.00000000,0.00153257
176.00000000,0.00153257
177.00000000,0.00204342
178.00000000,0.00229885
179.00000000,0.00204342
180.00000000,0.00178799
181.00000000,0.00204342
182.00000000,0.00229885
183.00000000,0.00204342
184.00000000,0.00178799
185.00000000,0.00178799
186.00000000,0.00102171
187.00000000,0.00127714
188.00000000,0.00178799
189.00000000,0.00178799
190.00000000,0.00178799
191.00000000,0.00178799
192.00000000,0.00229885
193.00000000,0.00255428
194.00000000,0.00178799
195.00000000,0.00153257
196.00000000,0.00153257
197.00000000,0.00127714
198.00000000,0.00178799
199.00000000,0.00229885
200.00000000,0.00127714
201.00000000,0.00051086
202.00000000,0.00178799
203.00000000,0.00255428
204.00000000,0.00178799
205.00000000,0.00127714
206.00000000,0.00153257
207.00000000,0.00229885
208.00000000,0.00280971
209.00000000,0.00280971
210.00000000,0.00255428
211.00000000,0.00178799
212.00000000,0.00127714
213.00000000,0.00204342
214.00000000,0.00204342
215.00000000,0.00280971
216.00000000,0.00280971
217.00000000,0.00204342
218.00000000,0.00229885
219.00000000,0.00255428
220.00000000,0.00255428
221.00000000,0.00229885
222.00000000,0.00204342
223.00000000,0.00229885
224.00000000,0.00229885
225.00000000,0.00204342
226.00000000,0.00204342
227.00000000,0.00204342
228.00000000,0.00229885
229.00000000,0.00204342
230.00000000,0.00153257
231.00000000,0.00127714
232.00000000,0.00204342
233.00000000,0.00204342
234.00000000,0.00178799
235.00000000,0.00229885
236.00000000,0.00229885
237.00000000,0.00204342
238.00000000,0.00204342
239.00000000,0.00229885
240.00000000,0.00153257
241.00000000,0.00102171
242.00000000,0.00178799
243.00000000,0.00229885
244.00000000,0.00204342
245.00000000,0.00255428
246.00000000,0.00306513
247.00000000,0.00280971
248.00000000,0.00229885
249.00000000,0.00229885
250.00000000,0.00255428
251.00000000,0.00255428
252.00000000,0.00204342
253.00000000,0.00178799
254.00000000,0.00178799
255.00000000,0.00255428
256.00000000,0.00306513
257.00000000,0.00255428
258.00000000,0.00280971
259.00000000,0.00280971
260.00000000,0.00229885
261.00000000,0.00229885
262.00000000,0.00204342
263.00000000,0.00178799
264.00000000,0.00204342
265.00000000,0.00204342
266.00000000,0.00204342
267.00000000,0.00204342
268.00000000,0.00229885
269.00000000,0.00255428
270.00000000,0.00229885
271.00000000,0.00178799
272.00000000,0.00127714
273.00000000,0.00127714
274.00000000,0.00127714
275.00000000,0.00127714
276.00000000,0.00178799
277.00000000,0.00229885
278.00000000,0.00280971
279.00000000,0.00280971
280.00000000,0.00178799
281.00000000,0.00178799
282.00000000,0.00204342
283.00000000,0.00255428
284.00000000,0.00255428
285.00000000,0.00255428
286.00000000,0.00255428
287.00000000,0.00229885
288.00000000,0.00204342
289.00000000,0.00280971
290.00000000,0.00255428
291.00000000,0.00229885
292.00000000,0.00306513
293.00000000,0.00280971
294.00000000,0.00204342
295.00000000,0.00204342
296.00000000,0.00229885
297.00000000,0.00255428
298.00000000,0.00280971
299.00000000,0.00332056
300.00000000,0.00229885
301.00000000,0.00204342
302.00000000,0.00229885
303.00000000,0.00255428
304.00000000,0.00306513
305.00000000,0.00306513
306.00000000,0.00255428
307.00000000,0.00229885
308.00000000,0.00178799
309.00000000,0.00229885
310.00000000,0.00280971
311.00000000,0.00332056
312.00000000,0.00383142
313.00000000,0.00459770
314.00000000,0.00434227
315.00000000,0.00383142
316.00000000,0.00357599
317.00000000,0.00255428
318.00000000,0.00178799
319.00000000,0.00332056
320.00000000,0.00434227
321.00000000,0.00434227
322.00000000,0.00434227
323.00000000,0.00408685
324.00000000,0.00485313
325.00000000,0.00613027
326.00000000,0.00561941
327.00000000,0.00561941
328.00000000,0.00613027
329.00000000,0.00689655
330.00000000,0.00817369
331.00000000,0.00715198
332.00000000,0.00664112
333.00000000,0.00791826
334.00000000,0.00842912
335.00000000,0.00893997
336.00000000,0.01021711
337.00000000,0.00945083
338.00000000,0.00970626
339.00000000,0.01149425
340.00000000,0.01200511
341.00000000,0.01200511
342.00000000,0.01149425
343.00000000,0.01302682
344.00000000,0.01302682
345.00000000,0.01430396
346.00000000,0.01532567
347.00000000,0.01583653
348.00000000,0.01609195
349.00000000,0.01685824
350.00000000,0.01813538
351.00000000,0.01864623
352.00000000,0.01762452
353.00000000,0.01864623
354.00000000,0.01941252
355.00000000,0.01992337
356.00000000,0.01966794
357.00000000,0.01992337
358.00000000,0.02120051
359.00000000,0.02324393
360.00000000,0.02349936
361.00000000,0.02375479
362.00000000,0.02222222
363.00000000,0.02298851
364.00000000,0.02375479
365.00000000,0.02324393
366.00000000,0.02196679
367.00000000,0.02273308
368.00000000,0.02401022
369.00000000,0.02503193
370.00000000,0.02426564
371.00000000,0.02452107
372.00000000,0.02324393
373.00000000,0.02247765
374.00000000,0.02273308
375.00000000,0.02426564
376.00000000,0.02298851
377.00000000,0.02120051
378.00000000,0.02120051
379.00000000,0.01992337
380.00000000,0.01966794
381.00000000,0.02017880
382.00000000,0.01864623
383.00000000,0.01813538
384.00000000,0.01762452
385.00000000,0.01685824
386.00000000,0.01532567
387.00000000,0.01609195
388.00000000,0.01507024
389.00000000,0.01353768
390.00000000,0.01226054
391.00000000,0.01328225
392.00000000,0.01251596
393.00000000,0.01149425
394.00000000,0.01047254
395.00000000,0.00996169
396.00000000,0.00996169
397.00000000,0.00996169
398.00000000,0.00868455
399.00000000,0.00817369
400.00000000,0.00842912
401.00000000,0.00893997
402.00000000,0.00766284
403.00000000,0.00715198
404.00000000,0.00766284
405.00000000,0.00817369
406.00000000,0.00817369
407.00000000,0.00791826
408.00000000,0.00715198
409.00000000,0.00689655
410.00000000,0.00817369
411.00000000,0.00970626
412.00000000,0.00919540
413.00000000,0.00919540
414.00000000,0.00919540
415.00000000,0.00970626
416.00000000,0.00970626
417.00000000,0.01123883
418.00000000,0.01226054
419.00000000,0.01226054
420.00000000,0.01302682
421.00000000,0.01404853
422.00000000,0.01455939
423.00000000,0.01532567
424.00000000,0.01685824
425.00000000,0.01813538
426.00000000,0.01762452
427.00000000,0.01890166
428.00000000,0.02273308
429.00000000,0.02656450
430.00000000,0.02426564
431.00000000,0.02222222
432.00000000,0.02324393
433.00000000,0.02503193
434.00000000,0.02554278
435.00000000,0.02758621
436.00000000,0.02656450
437.00000000,0.02937420
438.00000000,0.03397190
439.00000000,0.03499361
440.00000000,0.03499361
441.00000000,0.03729246
442.00000000,0.03780332
443.00000000,0.03831418
444.00000000,0.03882503
445.00000000,0.03908046
446.00000000,0.03933589
447.00000000,0.03959132
448.00000000,0.03959132
449.00000000,0.04291188
450.00000000,0.04418902
451.00000000,0.04316731
452.00000000,0.04240102
453.00000000,0.04189017
454.00000000,0.04086845
455.00000000,0.04265645
456.00000000,0.04214559
457.00000000,0.04163474
458.00000000,0.04137931
459.00000000,0.04112388
460.00000000,0.04163474
461.00000000,0.04291188
462.00000000,0.04214559
463.00000000,0.04189017
464.00000000,0.04137931
465.00000000,0.04086845
466.00000000,0.03959132
467.00000000,0.03780332
468.00000000,0.03652618
469.00000000,0.03703704
470.00000000,0.03575990
471.00000000,0.03473819
472.00000000,0.03218391
473.00000000,0.03141762
474.00000000,0.03167305
475.00000000,0.03346105
476.00000000,0.03473819
477.00000000,0.03269476
478.00000000,0.02988506
479.00000000,0.03039591
480.00000000,0.03039591
481.00000000,0.02860792
482.00000000,0.02835249
483.00000000,0.02886335
484.00000000,0.02835249
485.00000000,0.02860792
486.00000000,0.02860792
487.00000000,0.02809706
488.00000000,0.02630907
489.00000000,0.02784163
490.00000000,0.02733078
491.00000000,0.02426564
492.00000000,0.02426564
493.00000000,0.02656450
494.00000000,0.02630907
495.00000000,0.02605364
496.00000000,0.02503193
497.00000000,0.02426564
498.00000000,0.02477650
499.00000000,0.02707535
500.00000000,0.02656450
501.00000000,0.02528736
502.00000000,0.02452107
503.00000000,0.02554278
504.00000000,0.02554278
505.00000000,0.02579821
506.00000000,0.02528736
507.00000000,0.02554278
508.00000000,0.02656450
509.00000000,0.02758621
510.00000000,0.02656450
511.00000000,0.02758621
512.00000000,0.02962963
513.00000000,0.02988506
514.00000000,0.02860792
515.00000000,0.02962963
516.00000000,0.02937420
517.00000000,0.02962963
518.00000000,0.02886335
519.00000000,0.03014049
520.00000000,0.02988506
521.00000000,0.03065134
522.00000000,0.03218391
523.00000000,0.03320562
524.00000000,0.03167305
525.00000000,0.03014049
526.00000000,0.03039591
527.00000000,0.03192848
528.00000000,0.03269476
529.00000000,0.03346105
530.00000000,0.03141762
531.00000000,0.03167305
532.00000000,0.03295019
533.00000000,0.03371648
534.00000000,0.03448276
535.00000000,0.03550447
536.00000000,0.03575990
537.00000000,0.03575990
538.00000000,0.03601533
539.00000000,0.03575990
540.00000000,0.03575990
541.00000000,0.03678161
542.00000000,0.03729246
543.00000000,0.03754789
544.00000000,0.03754789
545.00000000,0.03933589
546.00000000,0.03959132
547.00000000,0.03959132
548.00000000,0.04061303
549.00000000,0.04086845
550.00000000,0.03984674
551.00000000,0.04112388
552.00000000,0.04265645
553.00000000,0.04418902
554.00000000,0.04393359
555.00000000,0.04572158
556.00000000,0.04648787
557.00000000,0.04393359
558.00000000,0.04367816
559.00000000,0.04495530
560.00000000,0.04342273
561.00000000,0.04393359
562.00000000,0.04623244
563.00000000,0.04878672
564.00000000,0.05159642
565.00000000,0.05542784
566.00000000,0.05670498
567.00000000,0.05338442
568.00000000,0.05185185
569.00000000,0.05644955
570.00000000,0.05977011
571.00000000,0.05900383
572.00000000,0.05925926
573.00000000,0.05951469
574.00000000,0.06053640
575.00000000,0.06283525
576.00000000,0.06487867
577.00000000,0.06615581
578.00000000,0.06513410
579.00000000,0.06385696
580.00000000,0.06564496
581.00000000,0.06922095
582.00000000,0.06947637
583.00000000,0.07151980
584.00000000,0.07228608
585.00000000,0.07279693
586.00000000,0.07611750
587.00000000,0.07943806
588.00000000,0.08122605
589.00000000,0.08301405
590.00000000,0.08403576
591.00000000,0.08556833
592.00000000,0.08863346
593.00000000,0.08965517
594.00000000,0.08939974
595.00000000,0.09118774
596.00000000,0.09323116
597.00000000,0.09553001
598.00000000,0.09833972
599.00000000,0.10114943
600.00000000,0.10191571
601.00000000,0.10242656
602.00000000,0.10140485
603.00000000,0.09961686
604.00000000,0.10063857
605.00000000,0.10012771
606.00000000,0.09655172
607.00000000,0.09399745
608.00000000,0.09169860
609.00000000,0.09246488
610.00000000,0.09246488
611.00000000,0.08939974
612.00000000,0.08607918
613.00000000,0.08429119
614.00000000,0.08352490
615.00000000,0.08429119
616.00000000,0.08326948
617.00000000,0.07918263
618.00000000,0.07662835
619.00000000,0.07509579
620.00000000,0.07381865
621.00000000,0.07228608
622.00000000,0.07126437
623.00000000,0.06666667
624.00000000,0.06232439
625.00000000,0.05951469
626.00000000,0.06028097
627.00000000,0.06002554
628.00000000,0.05721584
629.00000000,0.05644955
630.00000000,0.05363985
631.00000000,0.05287356
632.00000000,0.05287356
633.00000000,0.05363985
634.00000000,0.05363985
635.00000000,0.05159642
636.00000000,0.05057471
637.00000000,0.05057471
638.00000000,0.05134100
639.00000000,0.05415070
640.00000000,0.05568327
641.00000000,0.05568327
642.00000000,0.05440613
643.00000000,0.05619413
644.00000000,0.05619413
645.00000000,0.05619413
646.00000000,0.05772669
647.00000000,0.05977011
648.00000000,0.06130268
649.00000000,0.06283525
650.00000000,0.06462324
651.00000000,0.06692209
652.00000000,0.06590038
653.00000000,0.06538953
654.00000000,0.06973180
655.00000000,0.07330779
656.00000000,0.07151980
657.00000000,0.07126437
658.00000000,0.07203065
659.00000000,0.06973180
660.00000000,0.06819923
661.00000000,0.06998723
662.00000000,0.06998723
663.00000000,0.06871009
664.00000000,0.06794381
665.00000000,0.06947637
666.00000000,0.07075351
667.00000000,0.07177522
668.00000000,0.07049808
669.00000000,0.06845466
670.00000000,0.06845466
671.00000000,0.06819923
672.00000000,0.06487867
673.00000000,0.06615581
674.00000000,0.06743295
675.00000000,0.06666667
676.00000000,0.06641124
677.00000000,0.06743295
678.00000000,0.06794381
679.00000000,0.06615581
680.00000000,0.06564496
681.00000000,0.06411239
682.00000000,0.06564496
683.00000000,0.06896552
684.00000000,0.06922095
685.00000000,0.07177522
686.00000000,0.07151980
687.00000000,0.07177522
688.00000000,0.07305236
689.00000000,0.07356322
690.00000000,0.07611750
691.00000000,0.07918263
692.00000000,0.08224777
693.00000000,0.08582375
694.00000000,0.09067688
695.00000000,0.09450830
696.00000000,0.10038314
697.00000000,0.10702427
698.00000000,0.10932312
699.00000000,0.11494253
700.00000000,0.12081737
701.00000000,0.12388250
702.00000000,0.12745849
703.00000000,0.13205619
704.00000000,0.13971903
705.00000000,0.15044700
706.00000000,0.15530013
707.00000000,0.16168582
708.00000000,0.16628352
709.00000000,0.17266922
710.00000000,0.18058748
711.00000000,0.18722861
712.00000000,0.19361430
713.00000000,0.19770115
714.00000000,0.20102171
715.00000000,0.20561941
716.00000000,0.20740741
717.00000000,0.21098340
718.00000000,0.21762452
719.00000000,0.22401022
720.00000000,0.22273308
721.00000000,0.22579821
722.00000000,0.23371648
723.00000000,0.23780332
724.00000000,0.24189017
725.00000000,0.24469987
726.00000000,0.24827586
727.00000000,0.24674330
728.00000000,0.24444444
729.00000000,0.24980843
730.00000000,0.25006386
731.00000000,0.24776501
732.00000000,0.25108557
733.00000000,0.25619413
734.00000000,0.25798212
735.00000000,0.26232439
736.00000000,0.27688378
737.00000000,0.28224777
738.00000000,0.28148148
739.00000000,0.28556833
740.00000000,0.29272031
741.00000000,0.29374202
742.00000000,0.29501916
743.00000000,0.30268199
744.00000000,0.30498084
745.00000000,0.30549170
746.00000000,0.30830140
747.00000000,0.31060026
748.00000000,0.32107280
749.00000000,0.32541507
750.00000000,0.32388250
751.00000000,0.32515964
752.00000000,0.32439336
753.00000000,0.32260536
754.00000000,0.32388250
755.00000000,0.32439336
756.00000000,0.32234994
757.00000000,0.32567050
758.00000000,0.32796935
759.00000000,0.32234994
760.00000000,0.32260536
761.00000000,0.32439336
762.00000000,0.32286079
763.00000000,0.31954023
764.00000000,0.31826309
765.00000000,0.32413793
766.00000000,0.32592593
767.00000000,0.32337165
768.00000000,0.32388250
769.00000000,0.32490421
770.00000000,0.32439336
771.00000000,0.32311622
772.00000000,0.32209451
773.00000000,0.32234994
774.00000000,0.32720307
775.00000000,0.32643678
776.00000000,0.32899106
777.00000000,0.33690932
778.00000000,0.33920817
779.00000000,0.34176245
780.00000000,0.34738186
781.00000000,0.35223499
782.00000000,0.35555556
783.00000000,0.35708812
784.00000000,0.35478927
785.00000000,0.35478927
786.00000000,0.35504470
787.00000000,0.35274585
788.00000000,0.35223499
789.00000000,0.35708812
790.00000000,0.35376756
791.00000000,0.34968072
792.00000000,0.34942529
793.00000000,0.35019157
794.00000000,0.34916986
795.00000000,0.34355045
796.00000000,0.34176245
797.00000000,0.33946360
798.00000000,0.33307791
799.00000000,0.33001277
800.00000000,0.32950192
801.00000000,0.32771392
802.00000000,0.32439336
803.00000000,0.32234994
804.00000000,0.32030651
805.00000000,0.32234994
806.00000000,0.32158365
807.00000000,0.32209451
808.00000000,0.32388250
809.00000000,0.32234994
810.00000000,0.31749681
811.00000000,0.31800766
812.00000000,0.32081737
813.00000000,0.31724138
814.00000000,0.31340996
815.00000000,0.31162197
816.00000000,0.31238825
817.00000000,0.31954023
818.00000000,0.31928480
819.00000000,0.32030651
820.00000000,0.32107280
821.00000000,0.31775223
822.00000000,0.31851852
823.00000000,0.31596424
824.00000000,0.31851852
825.00000000,0.32490421
826.00000000,0.32209451
827.00000000,0.32183908
828.00000000,0.32056194
829.00000000,0.32030651
830.00000000,0.31851852
831.00000000,0.31468710
832.00000000,0.31519796
833.00000000,0.31596424
834.00000000,0.31187739
835.00000000,0.30957854
836.00000000,0.30779055
837.00000000,0.30549170
838.00000000,0.31213282
839.00000000,0.31800766
840.00000000,0.31724138
841.00000000,0.31800766
842.00000000,0.32005109
843.00000000,0.32056194
844.00000000,0.32183908
845.00000000,0.32694764
846.00000000,0.33128991
847.00000000,0.32975734
848.00000000,0.33052363
849.00000000,0.33384419
850.00000000,0.34125160
851.00000000,0.34993614
852.00000000,0.34942529
853.00000000,0.35044700
854.00000000,0.35274585
855.00000000,0.35453384
856.00000000,0.35989783
857.00000000,0.36960409
858.00000000,0.37113665
859.00000000,0.37139208
860.00000000,0.37522350
861.00000000,0.37752235
862.00000000,0.37190294
863.00000000,0.36883780
864.00000000,0.37420179
865.00000000,0.37471264
866.00000000,0.37266922
867.00000000,0.36985951
868.00000000,0.36832695
869.00000000,0.36960409
870.00000000,0.36883780
871.00000000,0.36756066
872.00000000,0.36168582
873.00000000,0.36347382
874.00000000,0.36730524
875.00000000,0.36296296
876.00000000,0.35632184
877.00000000,0.35376756
878.00000000,0.35249042
879.00000000,0.34993614
880.00000000,0.35197957
881.00000000,0.35070243
882.00000000,0.34584930
883.00000000,0.34610473
884.00000000,0.34968072
885.00000000,0.34942529
886.00000000,0.34559387
887.00000000,0.34916986
888.00000000,0.34738186
889.00000000,0.34176245
890.00000000,0.33946360
891.00000000,0.33384419
892.00000000,0.33103448
893.00000000,0.33486590
894.00000000,0.33001277
895.00000000,0.32260536
896.00000000,0.32234994
897.00000000,0.31392082
898.00000000,0.31034483
899.00000000,0.31213282
900.00000000,0.31111111
901.00000000,0.30932312
902.00000000,0.29961686
903.00000000,0.29272031
904.00000000,0.29093231
905.00000000,0.29374202
906.00000000,0.29706258
907.00000000,0.29450830
908.00000000,0.29246488
909.00000000,0.29374202
910.00000000,0.28684547
911.00000000,0.28045977
912.00000000,0.28173691
913.00000000,0.28275862
914.00000000,0.28710089
915.00000000,0.29425287
916.00000000,0.29987229
917.00000000,0.30549170
918.00000000,0.31111111
919.00000000,0.31289911
920.00000000,0.31085568
921.00000000,0.31289911
922.00000000,0.31979566
923.00000000,0.32286079
924.00000000,0.31570881
925.00000000,0.31596424
926.00000000,0.31826309
927.00000000,0.31621967
928.00000000,0.31315453
929.00000000,0.30957854
930.00000000,0.31085568
931.00000000,0.32311622
932.00000000,0.32567050
933.00000000,0.31570881
934.00000000,0.31366539
935.00000000,0.32388250
936.00000000,0.33665390
937.00000000,0.33997446
938.00000000,0.34533844
939.00000000,0.33818646
940.00000000,0.31928480
941.00000000,0.30549170
942.00000000,0.31417625
943.00000000,0.33026820
944.00000000,0.34074074
945.00000000,0.35427842
946.00000000,0.36372925
947.00000000,0.37394636
948.00000000,0.38288633
949.00000000,0.37701149
950.00000000,0.36372925
951.00000000,0.36347382
952.00000000,0.36883780
953.00000000,0.37139208
954.00000000,0.37931034
955.00000000,0.38339719
956.00000000,0.38952746
957.00000000,0.39667944
958.00000000,0.39565773
959.00000000,0.40255428
960.00000000,0.40561941
961.00000000,0.40127714
962.00000000,0.40485313
963.00000000,0.40536398
964.00000000,0.39514687
965.00000000,0.40996169
966.00000000,0.42375479
967.00000000,0.41251596
968.00000000,0.40587484
969.00000000,0.40868455
970.00000000,0.41736909
971.00000000,0.42962963
972.00000000,0.44316731
973.00000000,0.45849298
974.00000000,0.47994891
975.00000000,0.49374202
976.00000000,0.48045977
977.00000000,0.45593870
978.00000000,0.45951469
979.00000000,0.47279693
980.00000000,0.47867178
981.00000000,0.49220945
982.00000000,0.49527458
983.00000000,0.48633461
984.00000000,0.47969349
985.00000000,0.48071520
986.00000000,0.48991060
987.00000000,0.50319285
988.00000000,0.50753512
989.00000000,0.50370370
990.00000000,0.49808429
991.00000000,0.49450830
992.00000000,0.50114943
993.00000000,0.51443167
994.00000000,0.51647510
995.00000000,0.50957854
996.00000000,0.51085568
997.00000000,0.51468710
998.00000000,0.51519796
999.00000000,0.50932312
1000.00000000,0.50753512
1001.00000000,0.50574713
1002.00000000,0.50574713
1003.00000000,0.51417625
1004.00000000,0.52720307
1005.00000000,0.53537676
1006.00000000,0.53818646
1007.00000000,0.54303959
1008.00000000,0.55019157
1009.00000000,0.55453384
1010.00000000,0.55785441
1011.00000000,0.56500639
1012.00000000,0.57088123
1013.00000000,0.57343550
1014.00000000,0.57496807
1015.00000000,0.57420179
1016.00000000,0.57394636
1017.00000000,0.56985951
1018.00000000,0.56270754
1019.00000000,0.55530013
1020.00000000,0.55070243
1021.00000000,0.55555556
1022.00000000,0.56040868
1023.00000000,0.57139208
1024.00000000,0.58160920
1025.00000000,0.59054917
1026.00000000,0.60561941
1027.00000000,0.60332056
1028.00000000,0.59948914
1029.00000000,0.60127714
1030.00000000,0.60204342
1031.00000000,0.60536398
1032.00000000,0.61123883
1033.00000000,0.61507024
1034.00000000,0.62094508
1035.00000000,0.62145594
1036.00000000,0.61813538
1037.00000000,0.62017880
1038.00000000,0.62324393
1039.00000000,0.62426564
1040.00000000,0.62222222
1041.00000000,0.62247765
1042.00000000,0.62962963
1043.00000000,0.63524904
1044.00000000,0.62911877
1045.00000000,0.62375479
1046.00000000,0.62809706
1047.00000000,0.63805875
1048.00000000,0.64112388
1049.00000000,0.64112388
1050.00000000,0.64776501
1051.00000000,0.65083014
1052.00000000,0.64776501
1053.00000000,0.65696041
1054.00000000,0.66334610
1055.00000000,0.65491699
1056.00000000,0.64980843
1057.00000000,0.64750958
1058.00000000,0.64418902
1059.00000000,0.64623244
1060.00000000,0.64827586
1061.00000000,0.64137931
1062.00000000,0.63856960
1063.00000000,0.64086845
1064.00000000,0.64112388
1065.00000000,0.64342273
1066.00000000,0.64521073
1067.00000000,0.64163474
1068.00000000,0.64648787
1069.00000000,0.64955300
1070.00000000,0.65083014
1071.00000000,0.66411239
1072.00000000,0.66641124
1073.00000000,0.66436782
1074.00000000,0.66360153
1075.00000000,0.66590038
1076.00000000,0.67254151
1077.00000000,0.67432950
1078.00000000,0.67305236
1079.00000000,0.67049808
1080.00000000,0.67228608
1081.00000000,0.67458493
1082.00000000,0.67279693
1083.00000000,0.67713921
1084.00000000,0.68505747
1085.00000000,0.68684547
1086.00000000,0.68888889
1087.00000000,0.68710089
1088.00000000,0.68914432
1089.00000000,0.69833972
1090.00000000,0.70140485
1091.00000000,0.70242656
1092.00000000,0.70012771
1093.00000000,0.69782886
1094.00000000,0.70063857
1095.00000000,0.70063857
1096.00000000,0.69936143
1097.00000000,0.69782886
1098.00000000,0.69527458
1099.00000000,0.69885057
1100.00000000,0.70063857
1101.00000000,0.70217114
1102.00000000,0.69987229
1103.00000000,0.69833972
1104.00000000,0.70574713
1105.00000000,0.70957854
1106.00000000,0.71187739
1107.00000000,0.71902937
1108.00000000,0.72388250
1109.00000000,0.72771392
1110.00000000,0.73461047
1111.00000000,0.73895275
1112.00000000,0.73946360
1113.00000000,0.73971903
1114.00000000,0.74303959
1115.00000000,0.74380587
1116.00000000,0.74303959
1117.00000000,0.74022989
1118.00000000,0.73895275
1119.00000000,0.74099617
1120.00000000,0.74099617
1121.00000000,0.73742018
1122.00000000,0.73767561
1123.00000000,0.74048531
1124.00000000,0.73869732
1125.00000000,0.73435504
1126.00000000,0.73052363
1127.00000000,0.73026820
1128.00000000,0.73537676
1129.00000000,0.73690932
1130.00000000,0.73537676
1131.00000000,0.73946360
1132.00000000,0.74355045
1133.00000000,0.74482759
1134.00000000,0.74303959
1135.00000000,0.74201788
1136.00000000,0.74099617
1137.00000000,0.74022989
1138.00000000,0.73869732
1139.00000000,0.73767561
1140.00000000,0.73512133
1141.00000000,0.73614304
1142.00000000,0.73997446
1143.00000000,0.73512133
1144.00000000,0.72822478
1145.00000000,0.72975734
1146.00000000,0.73486590
1147.00000000,0.73639847
1148.00000000,0.73282248
1149.00000000,0.72822478
1150.00000000,0.72567050
1151.00000000,0.73154534
1152.00000000,0.74048531
1153.00000000,0.74329502
1154.00000000,0.74201788
1155.00000000,0.73920817
1156.00000000,0.73461047
1157.00000000,0.73461047
1158.00000000,0.73869732
1159.00000000,0.74508301
1160.00000000,0.75146871
1161.00000000,0.75172414
1162.00000000,0.75121328
1163.00000000,0.74891443
1164.00000000,0.74278416
1165.00000000,0.73690932
1166.00000000,0.72873563
1167.00000000,0.72439336
1168.00000000,0.72030651
1169.00000000,0.71902937
1170.00000000,0.71954023
1171.00000000,0.71749681
1172.00000000,0.71621967
1173.00000000,0.71570881
1174.00000000,0.71673052
1175.00000000,0.71851852
1176.00000000,0.71366539
1177.00000000,0.71085568
1178.00000000,0.71034483
1179.00000000,0.70472542
1180.00000000,0.70114943
1181.00000000,0.69987229
1182.00000000,0.69195402
1183.00000000,0.68582375
1184.00000000,0.68965517
1185.00000000,0.69272031
1186.00000000,0.69655172
1187.00000000,0.69936143
1188.00000000,0.70421456
1189.00000000,0.70804598
1190.00000000,0.70498084
1191.00000000,0.69348659
1192.00000000,0.67739464
1193.00000000,0.65823755
1194.00000000,0.64776501
1195.00000000,0.65108557
1196.00000000,0.66283525
1197.00000000,0.67867178
1198.00000000,0.68199234
1199.00000000,0.67330779
1200.00000000,0.66130268
1201.00000000,0.65312899
1202.00000000,0.64853129
1203.00000000,0.65363985
1204.00000000,0.65925926
1205.00000000,0.64393359
1206.00000000,0.62068966
1207.00000000,0.60970626
1208.00000000,0.60842912
1209.00000000,0.60459770
1210.00000000,0.59284802
1211.00000000,0.57879949
1212.00000000,0.57088123
1213.00000000,0.56653895
1214.00000000,0.56551724
1215.00000000,0.55913155
1216.00000000,0.55427842
1217.00000000,0.55632184
1218.00000000,0.55913155
1219.00000000,0.55197957
1220.00000000,0.55019157
1221.00000000,0.54968072
1222.00000000,0.53844189
1223.00000000,0.53742018
1224.00000000,0.54482759
1225.00000000,0.54661558
1226.00000000,0.54227331
1227.00000000,0.53946360
1228.00000000,0.52745849
1229.00000000,0.51443167
1230.00000000,0.51468710
1231.00000000,0.50676884
1232.00000000,0.49450830
1233.00000000,0.48812261
1234.00000000,0.48173691
1235.00000000,0.47867178
1236.00000000,0.47509579
1237.00000000,0.46257982
1238.00000000,0.45670498
1239.00000000,0.44980843
1240.00000000,0.44035760
1241.00000000,0.43397190
1242.00000000,0.43320562
1243.00000000,0.42733078
1244.00000000,0.42554278
1245.00000000,0.43575990
1246.00000000,0.43524904
1247.00000000,0.43218391
1248.00000000,0.41353768
1249.00000000,0.37931034
1250.00000000,0.35810983
1251.00000000,0.35427842
1252.00000000,0.35581098
1253.00000000,0.35836526
1254.00000000,0.37982120
1255.00000000,0.41736909
1256.00000000,0.42349936
1257.00000000,0.41507024
1258.00000000,0.41098340
1259.00000000,0.40561941
1260.00000000,0.41660281
1261.00000000,0.41685824
1262.00000000,0.40715198
1263.00000000,0.40638570
1264.00000000,0.39974457
1265.00000000,0.39642401
1266.00000000,0.39182631
1267.00000000,0.39080460
1268.00000000,0.38978289
1269.00000000,0.38876117
1270.00000000,0.38952746
1271.00000000,0.38595147
1272.00000000,0.38595147
1273.00000000,0.38084291
1274.00000000,0.37701149
1275.00000000,0.38416347
1276.00000000,0.38671775
1277.00000000,0.38671775
1278.00000000,0.38518519
1279.00000000,0.38237548
1280.00000000,0.38441890
1281.00000000,0.38365262
1282.00000000,0.38722861
1283.00000000,0.38620690
1284.00000000,0.37828863
1285.00000000,0.38441890
1286.00000000,0.39003831
1287.00000000,0.38901660
1288.00000000,0.39540230
1289.00000000,0.40102171
1290.00000000,0.39054917
1291.00000000,0.37190294
1292.00000000,0.34891443
1293.00000000,0.34201788
1294.00000000,0.34661558
1295.00000000,0.34993614
1296.00000000,0.35504470
1297.00000000,0.37011494
1298.00000000,0.39361430
1299.00000000,0.40689655
1300.00000000,0.41098340
1301.00000000,0.40383142
1302.00000000,0.39489144
1303.00000000,0.39897829
1304.00000000,0.40536398
1305.00000000,0.40996169
1306.00000000,0.41941252
1307.00000000,0.42784163
1308.00000000,0.42835249
1309.00000000,0.43141762
1310.00000000,0.43269476
1311.00000000,0.43269476
1312.00000000,0.43397190
1313.00000000,0.43984674
1314.00000000,0.44316731
1315.00000000,0.44316731
1316.00000000,0.44904215
1317.00000000,0.44572158
1318.00000000,0.44623244
1319.00000000,0.45389527
1320.00000000,0.45236271
1321.00000000,0.45083014
1322.00000000,0.45670498
1323.00000000,0.46257982
1324.00000000,0.46462324
1325.00000000,0.46743295
1326.00000000,0.47024266
1327.00000000,0.48097063
1328.00000000,0.49604087
1329.00000000,0.50830140
1330.00000000,0.50932312
1331.00000000,0.51340996
1332.00000000,0.51749681
1333.00000000,0.51979566
1334.00000000,0.52567050
1335.00000000,0.52873563
1336.00000000,0.53026820
1337.00000000,0.53818646
1338.00000000,0.54661558
1339.00000000,0.54636015
1340.00000000,0.54789272
1341.00000000,0.55249042
1342.00000000,0.55657727
1343.00000000,0.56296296
1344.00000000,0.56807152
1345.00000000,0.57394636
1346.00000000,0.58390805
1347.00000000,0.58467433
1348.00000000,0.58952746
1349.00000000,0.60178799
1350.00000000,0.61353768
1351.00000000,0.61736909
1352.00000000,0.61353768
1353.00000000,0.61915709
1354.00000000,0.63116220
1355.00000000,0.63524904
1356.00000000,0.63959132
1357.00000000,0.64521073
1358.00000000,0.64699872
1359.00000000,0.64776501
1360.00000000,0.65415070
1361.00000000,0.65925926
1362.00000000,0.66487867
1363.00000000,0.67024266
1364.00000000,0.67024266
1365.00000000,0.67279693
1366.00000000,0.67688378
1367.00000000,0.68173691
1368.00000000,0.68991060
1369.00000000,0.69399745
1370.00000000,0.69604087
1371.00000000,0.69680715
1372.00000000,0.70370370
1373.00000000,0.71162197
1374.00000000,0.71162197
1375.00000000,0.71366539
1376.00000000,0.71647510
1377.00000000,0.71647510
1378.00000000,0.72132822
1379.00000000,0.72158365
1380.00000000,0.72848020
1381.00000000,0.73895275
1382.00000000,0.74150702
1383.00000000,0.74355045
1384.00000000,0.74227331
1385.00000000,0.74508301
1386.00000000,0.75044700
1387.00000000,0.75197957
1388.00000000,0.75249042
1389.00000000,0.75274585
1390.00000000,0.74789272
1391.00000000,0.74789272
1392.00000000,0.75223499
1393.00000000,0.75274585
1394.00000000,0.75146871
1395.00000000,0.75325670
1396.00000000,0.75172414
1397.00000000,0.74636015
1398.00000000,0.74738186
1399.00000000,0.75044700
1400.00000000,0.74712644
1401.00000000,0.74814815
1402.00000000,0.75504470
1403.00000000,0.75427842
1404.00000000,0.74380587
1405.00000000,0.74559387
1406.00000000,0.75938697
1407.00000000,0.75862069
1408.00000000,0.74355045
1409.00000000,0.73256705
1410.00000000,0.74150702
1411.00000000,0.75095785
1412.00000000,0.75044700
1413.00000000,0.74661558
1414.00000000,0.74482759
1415.00000000,0.75172414
1416.00000000,0.75964240
1417.00000000,0.76117497
1418.00000000,0.76398467
1419.00000000,0.76219668
1420.00000000,0.75606641
1421.00000000,0.75172414
1422.00000000,0.75070243
1423.00000000,0.75478927
1424.00000000,0.76143040
1425.00000000,0.76704981
1426.00000000,0.77113665
1427.00000000,0.76679438
1428.00000000,0.76347382
1429.00000000,0.76066411
1430.00000000,0.75708812
1431.00000000,0.75300128
1432.00000000,0.74814815
1433.00000000,0.74661558
1434.00000000,0.74687101
1435.00000000,0.74610473
1436.00000000,0.74636015
1437.00000000,0.74916986
1438.00000000,0.75070243
1439.00000000,0.75044700
1440.00000000,0.74942529
1441.00000000,0.74993614
1442.00000000,0.75044700
1443.00000000,0.75223499
1444.00000000,0.75402299
1445.00000000,0.75657727
1446.00000000,0.75785441
1447.00000000,0.75938697
1448.00000000,0.76091954
1449.00000000,0.76245211
1450.00000000,0.76628352
1451.00000000,0.76909323
1452.00000000,0.76985951
1453.00000000,0.77088123
1454.00000000,0.77266922
1455.00000000,0.77113665
1456.00000000,0.76807152
1457.00000000,0.76526181
1458.00000000,0.76245211
1459.00000000,0.76270754
1460.00000000,0.76602810
1461.00000000,0.76832695
1462.00000000,0.76960409
1463.00000000,0.76756066
1464.00000000,0.76347382
1465.00000000,0.76296296
1466.00000000,0.76321839
1467.00000000,0.76500639
1468.00000000,0.76679438
1469.00000000,0.76475096
1470.00000000,0.76245211
1471.00000000,0.75989783
1472.00000000,0.76296296
1473.00000000,0.76372925
1474.00000000,0.75989783
1475.00000000,0.75810983
1476.00000000,0.75938697
1477.00000000,0.76066411
1478.00000000,0.76066411
1479.00000000,0.75657727
1480.00000000,0.75785441
1481.00000000,0.76321839
1482.00000000,0.76168582
1483.00000000,0.75836526
1484.00000000,0.76015326
1485.00000000,0.76015326
1486.00000000,0.75862069
1487.00000000,0.75657727
1488.00000000,0.75530013
1489.00000000,0.75402299
1490.00000000,0.75453384
1491.00000000,0.75351213
1492.00000000,0.75095785
1493.00000000,0.74865900
1494.00000000,0.74610473
1495.00000000,0.74201788
1496.00000000,0.74252874
1497.00000000,0.74252874
1498.00000000,0.74150702
1499.00000000,0.73997446
1500.00000000,0.73409962
1501.00000000,0.73307791
1502.00000000,0.73869732
1503.00000000,0.73205619
1504.00000000,0.72005109
1505.00000000,0.71673052
1506.00000000,0.72541507
1507.00000000,0.72796935
1508.00000000,0.72158365
1509.00000000,0.71034483
1510.00000000,0.70140485
1511.00000000,0.70523627
1512.00000000,0.71570881
1513.00000000,0.71749681
1514.00000000,0.71008940
1515.00000000,0.70983397
1516.00000000,0.70932312
1517.00000000,0.70727969
1518.00000000,0.70906769
1519.00000000,0.70830140
1520.00000000,0.70421456
1521.00000000,0.70319285
1522.00000000,0.69859515
1523.00000000,0.69118774
1524.00000000,0.68556833
1525.00000000,0.67918263
1526.00000000,0.67535121
1527.00000000,0.67305236
1528.00000000,0.67151980
1529.00000000,0.66641124
1530.00000000,0.66155811
1531.00000000,0.65874840
1532.00000000,0.65415070
1533.00000000,0.65593870
1534.00000000,0.65287356
1535.00000000,0.64955300
1536.00000000,0.64802043
1537.00000000,0.64342273
1538.00000000,0.63627075
1539.00000000,0.63575990
1540.00000000,0.63575990
1541.00000000,0.63397190
1542.00000000,0.63269476
1543.00000000,0.62886335
1544.00000000,0.62630907
1545.00000000,0.61813538
1546.00000000,0.61251596
1547.00000000,0.61200511
1548.00000000,0.61047254
1549.00000000,0.60919540
1550.00000000,0.60842912
1551.00000000,0.60536398
1552.00000000,0.59616858
1553.00000000,0.59310345
1554.00000000,0.58569604
1555.00000000,0.58390805
1556.00000000,0.58339719
1557.00000000,0.57828863
1558.00000000,0.58084291
1559.00000000,0.58212005
1560.00000000,0.58544061
1561.00000000,0.58901660
1562.00000000,0.59131545
1563.00000000,0.59489144
1564.00000000,0.60178799
1565.00000000,0.60613027
1566.00000000,0.60204342
1567.00000000,0.60051086
1568.00000000,0.59514687
1569.00000000,0.59591315
1570.00000000,0.61072797
1571.00000000,0.61685824
1572.00000000,0.61787995
1573.00000000,0.62528736
1574.00000000,0.63295019
1575.00000000,0.63550447
1576.00000000,0.63243934
1577.00000000,0.63422733
1578.00000000,0.63754789
1579.00000000,0.63167305
1580.00000000,0.63371648
1581.00000000,0.63703704
1582.00000000,0.63167305
1583.00000000,0.63473819
1584.00000000,0.64061303
1585.00000000,0.63856960
1586.00000000,0.63908046
1587.00000000,0.64546616
1588.00000000,0.64776501
1589.00000000,0.64802043
1590.00000000,0.64623244
1591.00000000,0.64750958
1592.00000000,0.65236271
1593.00000000,0.64750958
1594.00000000,0.64137931
1595.00000000,0.64240102
1596.00000000,0.64469987
1597.00000000,0.64214559
1598.00000000,0.63831418
1599.00000000,0.63831418
1600.00000000,0.63984674
1601.00000000,0.64316731
1602.00000000,0.63882503
1603.00000000,0.63269476
1604.00000000,0.63627075
1605.00000000,0.63678161
1606.00000000,0.63831418
1607.00000000,0.63908046
1608.00000000,0.63448276
1609.00000000,0.62809706
1610.00000000,0.62324393
1611.00000000,0.61558110
1612.00000000,0.60613027
1613.00000000,0.60153257
1614.00000000,0.60178799
1615.00000000,0.59795658
1616.00000000,0.58492976
1617.00000000,0.58263091
1618.00000000,0.57752235
1619.00000000,0.57037037
1620.00000000,0.57037037
1621.00000000,0.56551724
1622.00000000,0.55683269
1623.00000000,0.55249042
1624.00000000,0.54763729
1625.00000000,0.54584930
1626.00000000,0.53971903
1627.00000000,0.53001277
1628.00000000,0.52413793
1629.00000000,0.51775223
1630.00000000,0.51213282
1631.00000000,0.50344828
1632.00000000,0.49527458
1633.00000000,0.48863346
1634.00000000,0.48045977
1635.00000000,0.48275862
1636.00000000,0.47637292
1637.00000000,0.46871009
1638.00000000,0.46666667
1639.00000000,0.46309068
1640.00000000,0.46028097
1641.00000000,0.45568327
1642.00000000,0.45338442
1643.00000000,0.45057471
1644.00000000,0.44214559
1645.00000000,0.44061303
1646.00000000,0.43831418
1647.00000000,0.43627075
1648.00000000,0.43167305
1649.00000000,0.42707535
1650.00000000,0.42247765
1651.00000000,0.42094508
1652.00000000,0.42324393
1653.00000000,0.42094508
1654.00000000,0.42017880
1655.00000000,0.41787995
1656.00000000,0.41609195
1657.00000000,0.41685824
1658.00000000,0.41532567
1659.00000000,0.41021711
1660.00000000,0.40868455
1661.00000000,0.41660281
1662.00000000,0.41685824
1663.00000000,0.41328225
1664.00000000,0.41839080
1665.00000000,0.41813538
1666.00000000,0.41685824
1667.00000000,0.42017880
1668.00000000,0.42579821
1669.00000000,0.42937420
1670.00000000,0.43371648
1671.00000000,0.43575990
1672.00000000,0.43575990
1673.00000000,0.44035760
1674.00000000,0.44061303
1675.00000000,0.43678161
1676.00000000,0.43729246
1677.00000000,0.44189017
1678.00000000,0.44699872
1679.00000000,0.44240102
1680.00000000,0.44342273
1681.00000000,0.45159642
1682.00000000,0.45696041
1683.00000000,0.46155811
1684.00000000,0.46334610
1685.00000000,0.46845466
1686.00000000,0.47969349
1687.00000000,0.48633461
1688.00000000,0.49016603
1689.00000000,0.49016603
1690.00000000,0.50421456
1691.00000000,0.51111111
1692.00000000,0.49961686
1693.00000000,0.50114943
1694.00000000,0.51264368
1695.00000000,0.51800766
1696.00000000,0.51673052
1697.00000000,0.51264368
1698.00000000,0.51494253
1699.00000000,0.51954023
1700.00000000,0.52592593
1701.00000000,0.53205619
1702.00000000,0.53461047
1703.00000000,0.53793103
1704.00000000,0.54355045
1705.00000000,0.54865900
1706.00000000,0.54865900
1707.00000000,0.54891443
1708.00000000,0.54789272
1709.00000000,0.54968072
1710.00000000,0.55478927
1711.00000000,0.55402299
1712.00000000,0.55785441
1713.00000000,0.55964240
1714.00000000,0.55351213
1715.00000000,0.55759898
1716.00000000,0.56372925
1717.00000000,0.56449553
1718.00000000,0.56398467
1719.00000000,0.56194125
1720.00000000,0.56117497
1721.00000000,0.55427842
1722.00000000,0.54687101
1723.00000000,0.54738186
1724.00000000,0.54993614
1725.00000000,0.54840358
1726.00000000,0.54355045
1727.00000000,0.53946360
1728.00000000,0.53614304
1729.00000000,0.53690932
1730.00000000,0.53895275
1731.00000000,0.53920817
1732.00000000,0.53767561
1733.00000000,0.53384419
1734.00000000,0.52924649
1735.00000000,0.52286079
1736.00000000,0.51136654
1737.00000000,0.50753512
1738.00000000,0.50983397
1739.00000000,0.50957854
1740.00000000,0.50651341
1741.00000000,0.50319285
1742.00000000,0.50370370
1743.00000000,0.49885057
1744.00000000,0.49297573
1745.00000000,0.49782886
1746.00000000,0.49348659
1747.00000000,0.48275862
1748.00000000,0.47765006
1749.00000000,0.47535121
1750.00000000,0.47305236
1751.00000000,0.47305236
1752.00000000,0.46487867
1753.00000000,0.46462324
1754.00000000,0.46717752
1755.00000000,0.45772669
1756.00000000,0.46053640
1757.00000000,0.46385696
1758.00000000,0.45491699
1759.00000000,0.45006386
1760.00000000,0.45108557
1761.00000000,0.45389527
1762.00000000,0.44980843
1763.00000000,0.44393359
1764.00000000,0.44495530
1765.00000000,0.45261814
1766.00000000,0.45440613
1767.00000000,0.45083014
1768.00000000,0.44291188
1769.00000000,0.43984674
1770.00000000,0.44597701
1771.00000000,0.45159642
1772.00000000,0.44240102
1773.00000000,0.43678161
1774.00000000,0.44495530
1775.00000000,0.44572158
1776.00000000,0.44623244
1777.00000000,0.45440613
1778.00000000,0.45466156
1779.00000000,0.44827586
1780.00000000,0.44469987
1781.00000000,0.44878672
1782.00000000,0.44750958
1783.00000000,0.44469987
1784.00000000,0.44980843
1785.00000000,0.44750958
1786.00000000,0.44750958
1787.00000000,0.45644955
1788.00000000,0.45619413
1789.00000000,0.45134100
1790.00000000,0.44469987
1791.00000000,0.44061303
1792.00000000,0.44163474
1793.00000000,0.43856960
1794.00000000,0.43678161
1795.00000000,0.43448276
1796.00000000,0.43116220
1797.00000000,0.43575990
1798.00000000,0.43601533
1799.00000000,0.43601533
1800.00000000,0.43524904
1801.00000000,0.42452107
1802.00000000,0.42579821
1803.00000000,0.43371648
1804.00000000,0.43243934
1805.00000000,0.43039591
1806.00000000,0.43575990
1807.00000000,0.43882503
1808.00000000,0.43575990
1809.00000000,0.43550447
1810.00000000,0.44189017
1811.00000000,0.44750958
1812.00000000,0.43959132
1813.00000000,0.43167305
1814.00000000,0.43371648
1815.00000000,0.43320562
1816.00000000,0.43601533
1817.00000000,0.44112388
1818.00000000,0.45134100
1819.00000000,0.45415070
1820.00000000,0.45415070
1821.00000000,0.46462324
1822.00000000,0.45925926
1823.00000000,0.44929757
1824.00000000,0.44929757
1825.00000000,0.44674330
1826.00000000,0.44827586
1827.00000000,0.44521073
1828.00000000,0.44112388
1829.00000000,0.44240102
1830.00000000,0.44878672
1831.00000000,0.45083014
1832.00000000,0.44725415
1833.00000000,0.44980843
1834.00000000,0.45619413
1835.00000000,0.46462324
1836.00000000,0.47151980
1837.00000000,0.47458493
1838.00000000,0.47892720
1839.00000000,0.47841635
1840.00000000,0.48071520
1841.00000000,0.48735632
1842.00000000,0.49144317
1843.00000000,0.49450830
1844.00000000,0.50293742
1845.00000000,0.49936143
1846.00000000,0.49936143
1847.00000000,0.50676884
1848.00000000,0.50727969
1849.00000000,0.51008940
1850.00000000,0.51162197
1851.00000000,0.50830140
1852.00000000,0.50676884
1853.00000000,0.50702427
1854.00000000,0.50727969
1855.00000000,0.50651341
1856.00000000,0.50293742
1857.00000000,0.49961686
1858.00000000,0.49476373
1859.00000000,0.49501916
1860.00000000,0.49169860
1861.00000000,0.48607918
1862.00000000,0.47969349
1863.00000000,0.46922095
1864.00000000,0.46819923
1865.00000000,0.46411239
1866.00000000,0.45593870
1867.00000000,0.44955300
1868.00000000,0.44342273
1869.00000000,0.44367816
1870.00000000,0.44112388
1871.00000000,0.43575990
1872.00000000,0.43295019
1873.00000000,0.42758621
1874.00000000,0.42120051
1875.00000000,0.41558110
1876.00000000,0.41532567
1877.00000000,0.41507024
1878.00000000,0.41251596
1879.00000000,0.40740741
1880.00000000,0.39974457
1881.00000000,0.39208174
1882.00000000,0.38237548
1883.00000000,0.37726692
1884.00000000,0.37931034
1885.00000000,0.38007663
1886.00000000,0.37139208
1887.00000000,0.36960409
1888.00000000,0.37037037
1889.00000000,0.36475096
1890.00000000,0.36117497
1891.00000000,0.35734355
1892.00000000,0.35683269
1893.00000000,0.35785441
1894.00000000,0.35325670
1895.00000000,0.35095785
1896.00000000,0.34891443
1897.00000000,0.34636015
1898.00000000,0.34661558
1899.00000000,0.34789272
1900.00000000,0.34636015
1901.00000000,0.34763729
1902.00000000,0.35351213
1903.00000000,0.35581098
1904.00000000,0.35810983
1905.00000000,0.35862069
1906.00000000,0.35785441
1907.00000000,0.36245211
1908.00000000,0.36985951
1909.00000000,0.37828863
1910.00000000,0.38876117
1911.00000000,0.39514687
1912.00000000,0.40229885
1913.00000000,0.41047254
1914.00000000,0.41174968
1915.00000000,0.41481481
1916.00000000,0.41966794
1917.00000000,0.42171137
1918.00000000,0.42426564
1919.00000000,0.41941252
1920.00000000,0.42171137
1921.00000000,0.44240102
1922.00000000,0.44878672
1923.00000000,0.43601533
1924.00000000,0.41711367
1925.00000000,0.39412516
1926.00000000,0.36653895
1927.00000000,0.33486590
1928.00000000,0.32924649
1929.00000000,0.32848020
1930.00000000,0.32822478
1931.00000000,0.33103448
1932.00000000,0.33537676
1933.00000000,0.35478927
1934.00000000,0.37522350
1935.00000000,0.39259259
1936.00000000,0.40638570
1937.00000000,0.44316731
1938.00000000,0.46692209
1939.00000000,0.47203065
1940.00000000,0.46641124
1941.00000000,0.46411239
1942.00000000,0.47177522
1943.00000000,0.48837803
1944.00000000,0.48812261
1945.00000000,0.44750958
1946.00000000,0.42094508
1947.00000000,0.41890166
1948.00000000,0.41634738
1949.00000000,0.40485313
1950.00000000,0.39974457
1951.00000000,0.42120051
1952.00000000,0.45363985
1953.00000000,0.47484036
1954.00000000,0.45312899
1955.00000000,0.42809706
1956.00000000,0.42758621
1957.00000000,0.43065134
1958.00000000,0.42528736
1959.00000000,0.41047254
1960.00000000,0.40383142
1961.00000000,0.40025543
1962.00000000,0.39463602
1963.00000000,0.38544061
1964.00000000,0.37777778
1965.00000000,0.37675607
1966.00000000,0.37547893
1967.00000000,0.37573436
1968.00000000,0.37905492
1969.00000000,0.37650064
1970.00000000,0.37266922
1971.00000000,0.36628352
1972.00000000,0.36321839
1973.00000000,0.35887612
1974.00000000,0.34789272
1975.00000000,0.34584930
1976.00000000,0.34508301
1977.00000000,0.33869732
1978.00000000,0.33563218
1979.00000000,0.32975734
1980.00000000,0.32592593
1981.00000000,0.32490421
1982.00000000,0.32209451
1983.00000000,0.31570881
1984.00000000,0.31060026
1985.00000000,0.31136654
1986.00000000,0.30932312
1987.00000000,0.30753512
1988.00000000,0.30651341
1989.00000000,0.29961686
1990.00000000,0.29578544
1991.00000000,0.29961686
1992.00000000,0.30498084
1993.00000000,0.30498084
1994.00000000,0.30114943
1995.00000000,0.29604087
1996.00000000,0.29374202
1997.00000000,0.29527458
1998.00000000,0.29553001
1999.00000000,0.29961686
2000.00000000,0.30395913
2001.00000000,0.30446999
2002.00000000,0.30319285
2003.00000000,0.30217114
2004.00000000,0.29961686
2005.00000000,0.30089400
2006.00000000,0.30114943
2007.00000000,0.29680715
2008.00000000,0.29833972
2009.00000000,0.30038314
2010.00000000,0.29195402
2011.00000000,0.28352490
2012.00000000,0.28556833
2013.00000000,0.29016603
2014.00000000,0.29655172
2015.00000000,0.29655172
2016.00000000,0.28684547
2017.00000000,0.27509579
2018.00000000,0.27381865
2019.00000000,0.28275862
2020.00000000,0.28786718
2021.00000000,0.28275862
2022.00000000,0.27867178
2023.00000000,0.27586207
2024.00000000,0.27713921
2025.00000000,0.27739464
2026.00000000,0.27867178
2027.00000000,0.27662835
2028.00000000,0.27305236
2029.00000000,0.27586207
2030.00000000,0.27432950
2031.00000000,0.27126437
2032.00000000,0.27458493
2033.00000000,0.27126437
2034.00000000,0.26590038
2035.00000000,0.26538953
2036.00000000,0.25977011
2037.00000000,0.25415070
2038.00000000,0.25415070
2039.00000000,0.25338442
2040.00000000,0.25312899
2041.00000000,0.25363985
2042.00000000,0.25415070
2043.00000000,0.25312899
2044.00000000,0.25185185
2045.00000000,0.24112388
2046.00000000,0.23780332
2047.00000000,0.24291188
2048.00000000,0.23959132
2049.00000000,0.23346105
2050.00000000,0.22911877
2051.00000000,0.22426564
2052.00000000,0.22426564
2053.00000000,0.22962963
2054.00000000,0.23346105
2055.00000000,0.22962963
2056.00000000,0.22247765
2057.00000000,0.21864623
2058.00000000,0.21941252
2059.00000000,0.21787995
2060.00000000,0.21430396
2061.00000000,0.21123883
2062.00000000,0.21123883
2063.00000000,0.21098340
2064.00000000,0.20510856
2065.00000000,0.20204342
2066.00000000,0.20715198
2067.00000000,0.20970626
2068.00000000,0.20766284
2069.00000000,0.20664112
2070.00000000,0.20868455
2071.00000000,0.20536398
2072.00000000,0.19948914
2073.00000000,0.19846743
2074.00000000,0.19770115
2075.00000000,0.19182631
2076.00000000,0.19182631
2077.00000000,0.19131545
2078.00000000,0.18773946
2079.00000000,0.18620690
2080.00000000,0.19003831
2081.00000000,0.19131545
2082.00000000,0.18901660
2083.00000000,0.18518519
2084.00000000,0.18186462
2085.00000000,0.17931034
2086.00000000,0.17982120
2087.00000000,0.18237548
2088.00000000,0.18033206
2089.00000000,0.17318008
2090.00000000,0.16985951
2091.00000000,0.17190294
2092.00000000,0.16934866
2093.00000000,0.16602810
2094.00000000,0.16832695
2095.00000000,0.17420179
2096.00000000,0.17471264
2097.00000000,0.17139208
2098.00000000,0.16832695
2099.00000000,0.16347382
2100.00000000,0.16245211
2101.00000000,0.16398467
2102.00000000,0.16245211
2103.00000000,0.15657727
2104.00000000,0.15146871
2105.00000000,0.14789272
2106.00000000,0.14636015
2107.00000000,0.14150702
2108.00000000,0.14022989
2109.00000000,0.13971903
2110.00000000,0.13971903
2111.00000000,0.13665390
2112.00000000,0.13154534
2113.00000000,0.13180077
2114.00000000,0.13180077
2115.00000000,0.12873563
2116.00000000,0.12745849
2117.00000000,0.12439336
2118.00000000,0.12413793
2119.00000000,0.12286079
2120.00000000,0.11902937
2121.00000000,0.12081737
2122.00000000,0.12132822
2123.00000000,0.11902937
2124.00000000,0.11979566
2125.00000000,0.12183908
2126.00000000,0.12056194
2127.00000000,0.11621967
2128.00000000,0.11443167
2129.00000000,0.11570881
2130.00000000,0.11851852
2131.00000000,0.12362708
2132.00000000,0.12771392
2133.00000000,0.12541507
2134.00000000,0.12260536
2135.00000000,0.12362708
2136.00000000,0.12464879
2137.00000000,0.12515964
2138.00000000,0.12694764
2139.00000000,0.12745849
2140.00000000,0.12899106
2141.00000000,0.13103448
2142.00000000,0.13461047
2143.00000000,0.13690932
2144.00000000,0.13282248
2145.00000000,0.13256705
2146.00000000,0.13512133
2147.00000000,0.13461047
2148.00000000,0.13767561
2149.00000000,0.14099617
2150.00000000,0.13997446
2151.00000000,0.13895275
2152.00000000,0.13869732
2153.00000000,0.14099617
2154.00000000,0.14176245
2155.00000000,0.15019157
2156.00000000,0.15555556
2157.00000000,0.15555556
2158.00000000,0.15555556
2159.00000000,0.15376756
2160.00000000,0.15300128
2161.00000000,0.15351213
2162.00000000,0.15427842
2163.00000000,0.15453384
2164.00000000,0.15657727
2165.00000000,0.15810983
2166.00000000,0.16040868
2167.00000000,0.15810983
2168.00000000,0.15657727
2169.00000000,0.15683269
2170.00000000,0.15351213
2171.00000000,0.15402299
2172.00000000,0.15836526
2173.00000000,0.15759898
2174.00000000,0.15708812
2175.00000000,0.15504470
2176.00000000,0.15121328
2177.00000000,0.14891443
2178.00000000,0.14712644
2179.00000000,0.14687101
2180.00000000,0.14380587
2181.00000000,0.14252874
2182.00000000,0.14099617
2183.00000000,0.14048531
2184.00000000,0.13793103
2185.00000000,0.13358876
2186.00000000,0.13001277
2187.00000000,0.12618135
2188.00000000,0.12413793
2189.00000000,0.12337165
2190.00000000,0.12362708
2191.00000000,0.12311622
2192.00000000,0.11902937
2193.00000000,0.11443167
2194.00000000,0.11238825
2195.00000000,0.11340996
2196.00000000,0.11775223
2197.00000000,0.11724138
2198.00000000,0.11289911
2199.00000000,0.11392082
2200.00000000,0.11238825
2201.00000000,0.11008940
2202.00000000,0.10881226
2203.00000000,0.10830140
2204.00000000,0.10549170
2205.00000000,0.10625798
2206.00000000,0.10089400
2207.00000000,0.09655172
2208.00000000,0.09808429
2209.00000000,0.09936143
2210.00000000,0.09833972
2211.00000000,0.09553001
2212.00000000,0.09553001
2213.00000000,0.09297573
2214.00000000,0.09501916
2215.00000000,0.09808429
2216.00000000,0.09706258
2217.00000000,0.09731801
2218.00000000,0.10063857
2219.00000000,0.10446999
2220.00000000,0.10600255
2221.00000000,0.10498084
2222.00000000,0.10676884
2223.00000000,0.11111111
2224.00000000,0.11060026
2225.00000000,0.11264368
2226.00000000,0.11519796
2227.00000000,0.11264368
2228.00000000,0.11443167
2229.00000000,0.12158365
2230.00000000,0.12515964
2231.00000000,0.12337165
2232.00000000,0.12209451
2233.00000000,0.12030651
2234.00000000,0.12209451
2235.00000000,0.12720307
2236.00000000,0.12771392
2237.00000000,0.12515964
2238.00000000,0.12158365
2239.00000000,0.12158365
2240.00000000,0.12362708
2241.00000000,0.12822478
2242.00000000,0.12950192
2243.00000000,0.12796935
2244.00000000,0.12745849
2245.00000000,0.13052363
2246.00000000,0.13307791
2247.00000000,0.13358876
2248.00000000,0.13639847
2249.00000000,0.14125160
2250.00000000,0.14380587
2251.00000000,0.14584930
2252.00000000,0.14508301
2253.00000000,0.14661558
2254.00000000,0.14993614
2255.00000000,0.14763729
2256.00000000,0.14840358
2257.00000000,0.15019157
2258.00000000,0.14840358
2259.00000000,0.14968072
2260.00000000,0.15300128
2261.00000000,0.14968072
2262.00000000,0.14814815
2263.00000000,0.14508301
2264.00000000,0.14252874
2265.00000000,0.14150702
2266.00000000,0.13818646
2267.00000000,0.13690932
2268.00000000,0.13844189
2269.00000000,0.14022989
2270.00000000,0.14048531
2271.00000000,0.13920817
2272.00000000,0.13563218
2273.00000000,0.13358876
2274.00000000,0.13333333
2275.00000000,0.13333333
2276.00000000,0.13358876
2277.00000000,0.13563218
2278.00000000,0.13614304
2279.00000000,0.13793103
2280.00000000,0.13997446
2281.00000000,0.13971903
2282.00000000,0.14074074
2283.00000000,0.14201788
2284.00000000,0.14431673
2285.00000000,0.14584930
2286.00000000,0.14533844
2287.00000000,0.14636015
2288.00000000,0.14533844
2289.00000000,0.14457216
2290.00000000,0.14482759
2291.00000000,0.14431673
2292.00000000,0.14227331
2293.00000000,0.14329502
2294.00000000,0.14380587
2295.00000000,0.13767561
2296.00000000,0.13384419
2297.00000000,0.13103448
2298.00000000,0.12848020
2299.00000000,0.12669221
2300.00000000,0.12107280
2301.00000000,0.11954023
2302.00000000,0.11698595
2303.00000000,0.11366539
2304.00000000,0.11060026
2305.00000000,0.11034483
2306.00000000,0.11366539
2307.00000000,0.11417625
2308.00000000,0.10702427
2309.00000000,0.10217114
2310.00000000,0.09757344
2311.00000000,0.09527458
2312.00000000,0.09374202
2313.00000000,0.09604087
2314.00000000,0.09323116
2315.00000000,0.08735632
2316.00000000,0.08454662
2317.00000000,0.08326948
2318.00000000,0.08429119
2319.00000000,0.08684547
2320.00000000,0.08480204
2321.00000000,0.07994891
2322.00000000,0.07994891
2323.00000000,0.07713921
2324.00000000,0.07228608
2325.00000000,0.07100894
2326.00000000,0.06922095
2327.00000000,0.06641124
2328.00000000,0.06462324
2329.00000000,0.06615581
2330.00000000,0.06257982
2331.00000000,0.05900383
2332.00000000,0.05747126
2333.00000000,0.05517241
2334.00000000,0.05134100
2335.00000000,0.04827586
2336.00000000,0.04878672
2337.00000000,0.04853129
2338.00000000,0.04418902
2339.00000000,0.04240102
2340.00000000,0.04214559
2341.00000000,0.04061303
2342.00000000,0.04035760
2343.00000000,0.04240102
2344.00000000,0.03984674
2345.00000000,0.03780332
2346.00000000,0.03729246
2347.00000000,0.03856960
2348.00000000,0.03729246
2349.00000000,0.03729246
2350.00000000,0.03805875
2351.00000000,0.03959132
2352.00000000,0.04214559
2353.00000000,0.04469987
2354.00000000,0.04444444
2355.00000000,0.04495530
2356.00000000,0.04342273
2357.00000000,0.04418902
2358.00000000,0.04699872
2359.00000000,0.04929757
2360.00000000,0.05108557
2361.00000000,0.05236271
2362.00000000,0.05440613
2363.00000000,0.05491699
2364.00000000,0.05644955
2365.00000000,0.05849298
2366.00000000,0.05747126
2367.00000000,0.05977011
2368.00000000,0.06181354
2369.00000000,0.06513410
2370.00000000,0.06692209
2371.00000000,0.06743295
2372.00000000,0.06896552
2373.00000000,0.06947637
2374.00000000,0.06973180
2375.00000000,0.07126437
2376.00000000,0.07075351
2377.00000000,0.07279693
2378.00000000,0.07177522
2379.00000000,0.07177522
2380.00000000,0.07177522
2381.00000000,0.07305236
2382.00000000,0.07637292
2383.00000000,0.07739464
2384.00000000,0.07637292
2385.00000000,0.07560664
2386.00000000,0.07688378
2387.00000000,0.07841635
2388.00000000,0.07739464
2389.00000000,0.07739464
2390.00000000,0.07867178
2391.00000000,0.07816092
2392.00000000,0.07867178
2393.00000000,0.08378033
2394.00000000,0.08480204
2395.00000000,0.08659004
2396.00000000,0.08914432
2397.00000000,0.08837803
2398.00000000,0.08888889
2399.00000000,0.09323116
2400.00000000,0.09553001
2401.00000000,0.09782886
2402.00000000,0.10038314
2403.00000000,0.10319285
2404.00000000,0.10293742
2405.00000000,0.10089400
2406.00000000,0.10421456
2407.00000000,0.10855683
2408.00000000,0.10472542
2409.00000000,0.10370370
2410.00000000,0.10906769
2411.00000000,0.11008940
2412.00000000,0.10906769
2413.00000000,0.10549170
2414.00000000,0.10472542
2415.00000000,0.10574713
2416.00000000,0.10676884
2417.00000000,0.10446999
2418.00000000,0.10063857
2419.00000000,0.10191571
2420.00000000,0.10370370
2421.00000000,0.10319285
2422.00000000,0.10217114
2423.00000000,0.09808429
2424.00000000,0.09476373
2425.00000000,0.09706258
2426.00000000,0.09936143
2427.00000000,0.09731801
2428.00000000,0.09450830
2429.00000000,0.09144317
2430.00000000,0.09093231
2431.00000000,0.09118774
2432.00000000,0.08761175
2433.00000000,0.08505747
2434.00000000,0.08173691
2435.00000000,0.08097063
2436.00000000,0.07918263
2437.00000000,0.07586207
2438.00000000,0.07305236
2439.00000000,0.07049808
2440.00000000,0.06871009
2441.00000000,0.06436782
2442.00000000,0.06206897
2443.00000000,0.06028097
2444.00000000,0.05823755
2445.00000000,0.05517241
2446.00000000,0.05261814
2447.00000000,0.05057471
2448.00000000,0.04750958
2449.00000000,0.04316731
2450.00000000,0.03856960
2451.00000000,0.03678161
2452.00000000,0.03346105
2453.00000000,0.03014049
2454.00000000,0.02681992
2455.00000000,0.02554278
2456.00000000,0.02426564
2457.00000000,0.02043423
2458.00000000,0.01583653
2459.00000000,0.01507024
2460.00000000,0.01302682
2461.00000000,0.01174968
2462.00000000,0.01047254
2463.00000000,0.00970626
2464.00000000,0.00817369
2465.00000000,0.00791826
2466.00000000,0.00638570
2467.00000000,0.00613027
2468.00000000,0.00536398
2469.00000000,0.00434227
2470.00000000,0.00434227
2471.00000000,0.00510856
2472.00000000,0.00485313
2473.00000000,0.00485313
2474.00000000,0.00536398
2475.00000000,0.00485313
2476.00000000,0.00459770
2477.00000000,0.00561941
2478.00000000,0.00638570
2479.00000000,0.00715198
2480.00000000,0.00766284
2481.00000000,0.00766284
2482.00000000,0.00766284
2483.00000000,0.00868455
2484.00000000,0.00945083
2485.00000000,0.01149425
2486.00000000,0.01251596
2487.00000000,0.01481481
2488.00000000,0.01583653
2489.00000000,0.01711367
2490.00000000,0.01813538
2491.00000000,0.01966794
2492.00000000,0.02247765
2493.00000000,0.02503193
2494.00000000,0.02477650
2495.00000000,0.02528736
2496.00000000,0.02758621
2497.00000000,0.03192848
2498.00000000,0.03524904
2499.00000000,0.03627075
2500.00000000,0.03627075
2501.00000000,0.03831418
2502.00000000,0.04035760
2503.00000000,0.04265645
2504.00000000,0.04521073
2505.00000000,0.04674330
2506.00000000,0.05006386
2507.00000000,0.05236271
2508.00000000,0.05363985
2509.00000000,0.05491699
2510.00000000,0.05363985
2511.00000000,0.05619413
2512.00000000,0.06002554
2513.00000000,0.06079183
2514.00000000,0.06002554
2515.00000000,0.06155811
2516.00000000,0.06309068
2517.00000000,0.06334610
2518.00000000,0.06232439
2519.00000000,0.06206897
2520.00000000,0.06360153
2521.00000000,0.06334610
2522.00000000,0.06462324
2523.00000000,0.06385696
2524.00000000,0.06309068
2525.00000000,0.06360153
2526.00000000,0.06513410
2527.00000000,0.06564496
2528.00000000,0.06411239
2529.00000000,0.06257982
2530.00000000,0.06257982
2531.00000000,0.06283525
2532.00000000,0.06232439
2533.00000000,0.06232439
2534.00000000,0.06155811
2535.00000000,0.06002554
2536.00000000,0.05900383
2537.00000000,0.05772669
2538.00000000,0.05721584
2539.00000000,0.05849298
2540.00000000,0.05670498
2541.00000000,0.05185185
2542.00000000,0.05236271
2543.00000000,0.05440613
2544.00000000,0.05338442
2545.00000000,0.05363985
2546.00000000,0.05134100
2547.00000000,0.04980843
2548.00000000,0.05134100
2549.00000000,0.05134100
2550.00000000,0.04980843
2551.00000000,0.05006386
2552.00000000,0.04980843
2553.00000000,0.04904215
2554.00000000,0.04725415
2555.00000000,0.04623244
2556.00000000,0.04597701
2557.00000000,0.04572158
2558.00000000,0.04572158
2559.00000000,0.04546616
2560.00000000,0.04444444
2561.00000000,0.04418902
2562.00000000,0.04086845
2563.00000000,0.03831418
2564.00000000,0.03908046
2565.00000000,0.03908046
2566.00000000,0.03678161
2567.00000000,0.03499361
2568.00000000,0.03320562
2569.00000000,0.03167305
2570.00000000,0.02937420
2571.00000000,0.02707535
2572.00000000,0.02605364
2573.00000000,0.02605364
2574.00000000,0.02528736
2575.00000000,0.02579821
2576.00000000,0.02477650
2577.00000000,0.02273308
2578.00000000,0.02068966
2579.00000000,0.01992337
2580.00000000,0.01941252
2581.00000000,0.02068966
2582.00000000,0.01941252
2583.00000000,0.01813538
2584.00000000,0.01532567
2585.00000000,0.01507024
2586.00000000,0.01353768
2587.00000000,0.01226054
2588.00000000,0.01200511
2589.00000000,0.01200511
2590.00000000,0.01200511
2591.00000000,0.01174968
2592.00000000,0.01021711
2593.00000000,0.01047254
2594.00000000,0.01072797
2595.00000000,0.01123883
2596.00000000,0.01149425
2597.00000000,0.01123883
2598.00000000,0.01123883
2599.00000000,0.01123883
2600.00000000,0.00996169
2601.00000000,0.01098340
2602.00000000,0.01200511
2603.00000000,0.01174968
2604.00000000,0.01072797
2605.00000000,0.01021711
2606.00000000,0.00996169
2607.00000000,0.00945083
2608.00000000,0.00893997
2609.00000000,0.01047254
2610.00000000,0.01021711
2611.00000000,0.01021711
2612.00000000,0.01021711
2613.00000000,0.01047254
2614.00000000,0.01021711
2615.00000000,0.01072797
2616.00000000,0.00868455
2617.00000000,0.00868455
2618.00000000,0.01072797
2619.00000000,0.01072797
2620.00000000,0.01072797
2621.00000000,0.01149425
2622.00000000,0.01098340
2623.00000000,0.01047254
2624.00000000,0.00996169
2625.00000000,0.00996169
2626.00000000,0.00868455
2627.00000000,0.00945083
2628.00000000,0.00919540
2629.00000000,0.00868455
2630.00000000,0.00740741
2631.00000000,0.00817369
2632.00000000,0.00868455
2633.00000000,0.00842912
2634.00000000,0.00817369
2635.00000000,0.00740741
2636.00000000,0.00740741
2637.00000000,0.00842912
2638.00000000,0.00791826
2639.00000000,0.00919540
2640.00000000,0.00919540
2641.00000000,0.00842912
2642.00000000,0.00817369
2643.00000000,0.00817369
2644.00000000,0.00740741
2645.00000000,0.00791826
2646.00000000,0.00842912
2647.00000000,0.00945083
2648.00000000,0.00996169
2649.00000000,0.01021711
2650.00000000,0.01021711
2651.00000000,0.01021711
2652.00000000,0.00996169
2653.00000000,0.00945083
2654.00000000,0.00868455
2655.00000000,0.01021711
2656.00000000,0.00945083
2657.00000000,0.00945083
2658.00000000,0.00970626
2659.00000000,0.00868455
2660.00000000,0.00945083
2661.00000000,0.01021711
2662.00000000,0.00970626
2663.00000000,0.01047254
2664.00000000,0.01021711
2665.00000000,0.00970626
2666.00000000,0.01123883
2667.00000000,0.01302682
2668.00000000,0.01251596
2669.00000000,0.01200511
2670.00000000,0.01123883
2671.00000000,0.01047254
2672.00000000,0.01021711
2673.00000000,0.01021711
2674.00000000,0.01021711
2675.00000000,0.01021711
2676.00000000,0.00842912
2677.00000000,0.00919540
2678.00000000,0.00893997
2679.00000000,0.00945083
2680.00000000,0.00970626
2681.00000000,0.00970626
2682.00000000,0.00893997
2683.00000000,0.00842912
2684.00000000,0.00766284
2685.00000000,0.00766284
2686.00000000,0.00842912
2687.00000000,0.00893997
2688.00000000,0.00766284
2689.00000000,0.00664112
2690.00000000,0.00664112
2691.00000000,0.00740741
2692.00000000,0.00740741
2693.00000000,0.00715198
2694.00000000,0.00664112
2695.00000000,0.00638570
2696.00000000,0.00510856
2697.00000000,0.00459770
2698.00000000,0.00536398
2699.00000000,0.00638570
2700.00000000,0.00485313
2701.00000000,0.00459770
2702.00000000,0.00536398
2703.00000000,0.00459770
2704.00000000,0.00408685
2705.00000000,0.00434227
2706.00000000,0.00408685
2707.00000000,0.00408685
2708.00000000,0.00383142
2709.00000000,0.00408685
2710.00000000,0.00408685
2711.00000000,0.00434227
2712.00000000,0.00332056
2713.00000000,0.00332056
2714.00000000,0.00383142
2715.00000000,0.00383142
2716.00000000,0.00383142
2717.00000000,0.00357599
2718.00000000,0.00280971
2719.00000000,0.00332056
2720.00000000,0.00357599
2721.00000000,0.00357599
2722.00000000,0.00306513
2723.00000000,0.00229885
2724.00000000,0.00280971
2725.00000000,0.00357599
2726.00000000,0.00280971
2727.00000000,0.00204342
2728.00000000,0.00229885
2729.00000000,0.00280971
2730.00000000,0.00280971
2731.00000000,0.00255428
2732.00000000,0.00306513
2733.00000000,0.00280971
2734.00000000,0.00255428
2735.00000000,0.00229885
2736.00000000,0.00229885
2737.00000000,0.00204342
2738.00000000,0.00178799
2739.00000000,0.00229885
2740.00000000,0.00280971
2741.00000000,0.00229885
2742.00000000,0.00178799
2743.00000000,0.00229885
2744.00000000,0.00280971
2745.00000000,0.00178799
2746.00000000,0.00178799
2747.00000000,0.00204342
2748.00000000,0.00204342
2749.00000000,0.00229885
2750.00000000,0.00204342
2751.00000000,0.00204342
2752.00000000,0.00255428
2753.00000000,0.00280971
2754.00000000,0.00204342
2755.00000000,0.00178799
2756.00000000,0.00204342
2757.00000000,0.00255428
2758.00000000,0.00229885
2759.00000000,0.00229885
2760.00000000,0.00153257
2761.00000000,0.00178799
2762.00000000,0.00255428
2763.00000000,0.00178799
2764.00000000,0.00178799
2765.00000000,0.00204342
2766.00000000,0.00178799
2767.00000000,0.00229885
2768.00000000,0.00229885
2769.00000000,0.00229885
2770.00000000,0.00204342
2771.00000000,0.00229885
2772.00000000,0.00204342
2773.00000000,0.00178799
2774.00000000,0.00127714
2775.00000000,0.00178799
2776.00000000,0.00255428
2777.00000000,0.00255428
2778.00000000,0.00255428
2779.00000000,0.00204342
2780.00000000,0.00229885
2781.00000000,0.00204342
2782.00000000,0.00153257
2783.00000000,0.00204342
2784.00000000,0.00280971
2785.00000000,0.00306513
2786.00000000,0.00255428
2787.00000000,0.00280971
2788.00000000,0.00332056
2789.00000000,0.00229885
2790.00000000,0.00255428
2791.00000000,0.00306513
2792.00000000,0.00280971
2793.00000000,0.00204342
2794.00000000,0.00255428
2795.00000000,0.00255428
2796.00000000,0.00178799
2797.00000000,0.00280971
2798.00000000,0.00280971
2799.00000000,0.00306513
2800.00000000,0.00255428
2801.00000000,0.00229885
2802.00000000,0.00306513
2803.00000000,0.00332056
2804.00000000,0.00332056
2805.00000000,0.00383142
2806.00000000,0.00332056
2807.00000000,0.00280971
2808.00000000,0.00229885
2809.00000000,0.00229885
2810.00000000,0.00255428
2811.00000000,0.00357599
2812.00000000,0.00383142
2813.00000000,0.00306513
2814.00000000,0.00280971
2815.00000000,0.00280971
2816.00000000,0.00280971
2817.00000000,0.00255428
2818.00000000,0.00306513
2819.00000000,0.00357599
2820.00000000,0.00332056
2821.00000000,0.00408685
2822.00000000,0.00306513
2823.00000000,0.00306513
2824.00000000,0.00357599
2825.00000000,0.00434227
2826.00000000,0.00383142
2827.00000000,0.00306513
2828.00000000,0.00255428
2829.00000000,0.00280971
2830.00000000,0.00280971
2831.00000000,0.00332056
2832.00000000,0.00383142
2833.00000000,0.00357599
2834.00000000,0.00306513
2835.00000000,0.00280971
2836.00000000,0.00280971
2837.00000000,0.00306513
2838.00000000,0.00280971
2839.00000000,0.00332056
2840.00000000,0.00280971
2841.00000000,0.00229885
2842.00000000,0.00255428
2843.00000000,0.00255428
2844.00000000,0.00280971
2845.00000000,0.00280971
2846.00000000,0.00255428
2847.00000000,0.00255428
2848.00000000,0.00255428
2849.00000000,0.00306513
2850.00000000,0.00280971
2851.00000000,0.00255428
2852.00000000,0.00204342
2853.00000000,0.00204342
2854.00000000,0.00204342
2855.00000000,0.00280971
2856.00000000,0.00280971
2857.00000000,0.00229885
2858.00000000,0.00255428
2859.00000000,0.00280971
2860.00000000,0.00229885
2861.00000000,0.00229885
2862.00000000,0.00204342
2863.00000000,0.00178799
2864.00000000,0.00229885
2865.00000000,0.00204342
2866.00000000,0.00153257
2867.00000000,0.00229885
2868.00000000,0.00255428
2869.00000000,0.00255428
2870.00000000,0.00280971
2871.00000000,0.00229885
2872.00000000,0.00178799
2873.00000000,0.00229885
2874.00000000,0.00229885
2875.00000000,0.00204342
2876.00000000,0.00204342
2877.00000000,0.00229885
2878.00000000,0.00280971
2879.00000000,0.00280971
2880.00000000,0.00255428
2881.00000000,0.00178799
2882.00000000,0.00153257
2883.00000000,0.00204342
2884.00000000,0.00204342
2885.00000000,0.00178799
2886.00000000,0.00153257
2887.00000000,0.00229885
2888.00000000,0.00229885
2889.00000000,0.00178799
2890.00000000,0.00229885
2891.00000000,0.00229885
2892.00000000,0.00229885
2893.00000000,0.00255428
2894.00000000,0.00229885
2895.00000000,0.00178799
2896.00000000,0.00153257
2897.00000000,0.00178799
2898.00000000,0.00178799
2899.00000000,0.00255428
2900.00000000,0.00255428
2901.00000000,0.00178799
2902.00000000,0.00178799
2903.00000000,0.00204342
2904.00000000,0.00178799
2905.00000000,0.00229885
2906.00000000,0.00229885
2907.00000000,0.00280971
2908.00000000,0.00280971
2909.00000000,0.00229885
2910.00000000,0.00204342
2911.00000000,0.00178799
2912.00000000,0.00127714
2913.00000000,0.00127714
2914.00000000,0.00178799
2915.00000000,0.00229885
2916.00000000,0.00178799
2917.00000000,0.00153257
2918.00000000,0.00229885
2919.00000000,0.00204342
2920.00000000,0.00204342
2921.00000000,0.00204342
2922.00000000,0.00153257
2923.00000000,0.00229885
2924.00000000,0.00204342
2925.00000000,0.00153257
2926.00000000,0.00178799
2927.00000000,0.00204342
2928.00000000,0.00153257
2929.00000000,0.00178799
2930.00000000,0.00153257
2931.00000000,0.00127714
2932.00000000,0.00127714
2933.00000000,0.00127714
2934.00000000,0.00127714
2935.00000000,0.00204342
2936.00000000,0.00229885
2937.00000000,0.00127714
2938.00000000,0.00153257
2939.00000000,0.00127714
2940.00000000,0.00153257
2941.00000000,0.00204342
2942.00000000,0.00153257
2943.00000000,0.00178799
2944.00000000,0.00178799
2945.00000000,0.00255428
2946.00000000,0.00229885
2947.00000000,0.00229885
2948.00000000,0.00255428
2949.00000000,0.00229885
2950.00000000,0.00204342
2951.00000000,0.00178799
2952.00000000,0.00102171
2953.00000000,0.00127714
2954.00000000,0.00255428
2955.00000000,0.00153257
2956.00000000,0.00127714
2957.00000000,0.00255428
2958.00000000,0.00255428
2959.00000000,0.00229885
2960.00000000,0.00280971
2961.00000000,0.00255428
2962.00000000,0.00204342
2963.00000000,0.00153257
2964.00000000,0.00127714
2965.00000000,0.00153257
2966.00000000,0.00204342
2967.00000000,0.00153257
2968.00000000,0.00025543
2969.00000000,0.00000000
2970.00000000,0.00102171
2971.00000000,0.00255428
2972.00000000,0.00255428
2973.00000000,0.00204342
2974.00000000,0.00204342
2975.00000000,0.00255428
2976.00000000,0.00255428
2977.00000000,0.00229885
2978.00000000,0.00178799
2979.00000000,0.00229885
2980.00000000,0.00229885
2981.00000000,0.00229885
2982.00000000,0.00204342
2983.00000000,0.00204342
2984.00000000,0.00255428
2985.00000000,0.00229885
2986.00000000,0.00127714
2987.00000000,0.00178799
2988.00000000,0.00204342
2989.00000000,0.00204342
2990.00000000,0.00102171
2991.00000000,0.00076628
2992.00000000,0.00178799
2993.00000000,0.00204342
2994.00000000,0.00178799
2995.00000000,0.00178799
2996.00000000,0.00178799
2997.00000000,0.00204342
2998.00000000,0.00229885
2999.00000000,0.00255428
3000.00000000,0.00229885
